Title,Description,URL
فروش بهترین برندهای ماشین‌های اداری + خدمات جامع تعمیرات ماشین‌های اداری,فروش بهترین برندهای ماشین‌های اداری + خدمات جامع تعمیرات ماشین‌های اداری فروش بهترین برندهای ماشین‌های اداری خدمات جامع تعمیرات ماشین‌های اداری اگر به دنبال خرید انواع ماشین‌های اداری از بهترین برندها و با مقرون‌به‌صرفه‌ترین قیمت (قیمت همکاری) هستید، نوین سیستم داتیس پاسارگاد همراه شما است. همچنین می‌توانید تعمیر دستگاه‌ها خود را به تیم فنی باسابقهٔ ما بسپارید. سرویس فروش داتیس شامل تجهیزات زیر از برندهای سرشناسی مثل اچ‌پی، اپسون، کانن، برادر، توشیبا، شارپ و… است: پرینتر دستگاه کپی اسکنر فکس بارکدخوان کاغذ خردکن ویدئو پروژکتور برای سرویس و تعمیر انواع ماشین‌های اداری (فارغ از برند و مدل آن) روی تکنسین‌های مرکز تعمیرات داتیس حساب و با بهره‌مندی از سرویس تعمیر در محل، پیک رایگان و ضمانت تعمیرات، این خدمات را دریافت کنید: تست ماشین‌های اداری جنرال سرویس انواع دستگاه‌ها شارژ کارتریج تعمیرات بارکدخوان اصلاح رنگ پرینتر و دستگاه کپی تعمیر مین‌برد انواع ماشین اداری و… برای کسب اطلاعات بیشتر و دریافت مشاوره، راه‌های ارتباطی ما در دسترس شما است: وب‌سایت:<URL> تلفن‌ تماس (ساعت پاسخگویی 9 تا 17): <PHONE> و <PHONE> آدرس: تهران، عباس آباد، اندیشه، خیابان شهید خلیل حسینی، کوچه فرهاد، پلاک 1، واحد 2,https://www.jooyeshgar.com/product/det-499804
فروش انواع کارتریج پرینتر,فروش انواع کارتریج پرینتر داتیس نمایندگی فروش، سرویس و تعمیر انواع ماشین های اداری نوین سیستم داتیس پاسارگاد در زمینه فروش، خدمات پس از فروش و تعمیر تجهیزات اداری، آماده خدمات رسانی به افراد، کسب وکارها و مجموعه های مختلف است. سرویس فروش ماشین های اداری شامل این موارد است: ● انواع پرینتر جوهرافشان، لیزری، حرارتی تک رنگ، رنگی، تک کاره و چندکاره (برندهای: Brother - Epson - Canon - HP - SAMSUNG - PANASONIC - SNB - MEVA - GODEX - REMO - BIXOLON و…) ● انواع دستگاه کپی سیاه و سفید و رنگی (برندهای: SHARP - TOSHIBA - BROTHER - EPSON - CANON و…) ● دستگاه فکس (برندهای PANASONIC - SHARP - BROTHER - CANON و…) ● فروش انواع اسکنر تخت و بایگانی (برندهای: HP - Fujitsu - BROTHER - CANON - KODAK و…) ● انواع کاغذ خردکن اداری و صنعتی (برندهای: Protech - King - Remo - Nikita - IMax و…) ● انواع بارکدخوان قلمی و لیزری (برندهای: Datalogic - NIKITA - AXIOM - OSCAR - REMO و…) ● انواع ویدئو پروژکتور (برندهای: Xiaomi - Epson - Optoma - Bresser - Panasonic - Sony - BenQ و…) در زمینه سرویس و تعمیرات ماشین های اداری نیز خدمات ما به این شرح است: ● جنرال سرویس و تعمیر پرینتر (تعویض کارتریج، اصلاح عیوب چاپ و رنگ، رفع مشکلات درام کیت، تعمیر مین برد و…) ● سرویس و تعمیر دستگاه کپی (تنظیم رنگ، تعمیر پنل، تعمیر برد پاور و…) ● سرویس و تعمیر فکس (تعمیر و تعویض دکمه ها، گوشی، صفحه نمایش، رفع خطاها، تعمیر یونیت اسکنر و…) ● سرویس و تعمیر اسکنر (تعمیر بخش تغذیه، عیب یابی پورت های اینترفیس، تعویض لامپ، اصلاح مشکلات موتور و…) ● تعمیر انواع کاغذخردکن (تعمیر و ساخت چرخ دنده ، تعمیر و ساخت برد کنترل، سیم پیچی موتور و…) ● تعمیر و سرویس بارکدخوان (تعمیر و تعویض شاسی، تعویض سیم رابط، اصلاح تنظیمات نرم افزاری و…) ● تعمیر و سرویس ویدئو پروژکتور (تعمیر لیزر، اصلاح رنگ، تعمیر تراشه DMD، رفع عیوب اپتیک، تعمیر کنترل و…) آدرس: تهران، عباس آباد، اندیشه، خیابان شهید خلیل حسینی، کوچه فرهاد، پلاک 1، طبقه 3، واحد 5 شرکت نوین سیستم داتیس پاسارگاد انواع کارتریج پرینتر HP را با ضمانت اصالت و کیفیت عرضه می کند. مدل های موجود عبارت اند از: کارتریج HP05A (سازگار با مدل های (HP2055-HP2025-HP2055 کارتریج HP12A (سازگار با مدل های HP1012، 1020، 3030، 1022 ، 1120، 3050، 3020، 1018، 3052، HP1319، HP3050، HP1010) کارتریج HP26A (سازگار با مدل ها HP M402-HPM426) کارتریج HP37A (سازگار با مدل های HP607-HP608-HP609) برای کسب اطلاعات بیشتر، دریافت مشاوره و خرید می توانید از راه های زیر با ما در ارتباط باشید. تلفن: <PHONE> تلفن: <PHONE> *http://*<URL>,https://www.jooyeshgar.com/product/det-508962
فروش و تعمیرات ماشینهای اداری,فروش و تعمیرات ماشینهای اداری فروش انواع کارتریج پرینتر شرکت نوین سیستم داتیس پاسارگاد انواع کارتریج پرینتر HP را با ضمانت اصالت و کیفیت عرضه می کند. مدل های موجود عبارت اند از: کارتریج HP05A (سازگار با مدل های (HP2055-HP2025-HP2055 کارتریج HP12A (سازگار با مدل های HP1012، 1020، 3030، 1022 ، 1120، 3050، 3020، 1018، 3052، HP1319، HP3050، HP1010) کارتریج HP26A (سازگار با مدل ها HP M402-HPM426) کارتریج HP37A (سازگار با مدل های HP607-HP608-HP609) سرویس‌ فروش ماشین‌های اداری شامل این موارد است: ● انواع پرینتر جوهرافشان، لیزری، حرارتی تک‌رنگ، رنگی، تک‌کاره و چندکاره (برندهای: Brother - Epson - Canon - HP - SAMSUNG - PANASONIC - SNB - MEVA - GODEX - REMO - BIXOLON و…) ● انواع دستگاه کپی سیاه و سفید و رنگی (برندهای: SHARP - TOSHIBA - BROTHER - EPSON - CANON و…) ● دستگاه فکس (برندهای PANASONIC - SHARP - BROTHER - CANON و…) ● فروش انواع اسکنر تخت و بایگانی (برندهای: HP - Fujitsu - BROTHER - CANON - KODAK و…) ● انواع کاغذ خردکن اداری و صنعتی (برندهای: Protech - King - Remo - Nikita - IMax و…) ● انواع بارکدخوان قلمی و لیزری (برندهای: Datalogic - NIKITA - AXIOM - OSCAR - REMO و…) ● انواع ویدئو پروژکتور (برندهای: Xiaomi - Epson - Optoma - Bresser - Panasonic - Sony - BenQ و…) در زمینهٔ سرویس و تعمیرات ماشین‌های اداری نیز خدمات ما به این شرح است: ● جنرال سرویس و تعمیر پرینتر (تعویض کارتریج، اصلاح عیوب چاپ و رنگ، رفع مشکلات درام کیت، تعمیر مین‌برد و…) ● سرویس و تعمیر دستگاه کپی (تنظیم رنگ، تعمیر پنل، تعمیر برد پاور و…) ● سرویس و تعمیر فکس (تعمیر و تعویض دکمه‌ها، گوشی، صفحهٔ نمایش، رفع خطاها، تعمیر یونیت اسکنر و…) ● سرویس و تعمیر اسکنر (تعمیر بخش تغذیه، عیب‌یابی پورت‌های اینترفیس، تعویض لامپ، اصلاح مشکلات موتور و…) ● تعمیر انواع کاغذخردکن (تعمیر و ساخت چرخ‌دنده‌، تعمیر و ساخت برد کنترل، سیم‌پیچی موتور و…) ● تعمیر و سرویس بارکدخوان (تعمیر و تعویض شاسی، تعویض سیم رابط، اصلاح تنظیمات نرم‌افزاری و…) ● تعمیر و سرویس ویدئو پروژکتور (تعمیر لیزر، اصلاح رنگ، تعمیر تراشهٔ DMD، رفع عیوب اپتیک، تعمیر کنترل و…) **آدرس: تهران، عباس آباد، اندیشه، خیابان شهید خلیل حسینی، کوچه فرهاد، پلاک 1، طبقه 3، واحد 5 وب‌سایت:<URL> (جهت ثبت سفارش آنلاین) تلفن‌های تماس: (در پایین آگهی)و (در پایین آگهی) شمارهٔ همراه: (در پایین آگهی) **,https://www.jooyeshgar.com/product/det-499140
فروش انواع کارتریج پرینترهای HP (به صورت سری کامل و تکی),فروش انواع کارتریج پرینترهای HP (به صورت سری کامل و تکی) فروش انواع کارتریج پرینترهای HP (به صورت سری کامل و تکی) شرکت نوین سیستم داتیس پاسارگاد، انواع مختلفی از کارتریج‌های HP را به صورت سری کامل و تکی در رنگ‌های مختلف (مشکی، قرمز، آبی، زرد) عرضه می‌کند: ● سری کارتریج hp 410 a ● سری کارتریج hp 307 a ● سری کارتریج hp 201 a ● کارتریج hp 79 a ● کارتریج hp 80 a ● کارتریج hp 12 a ● کارتریج hp 35 a ● کارتریج hp 26 a ● کارتریج hp 05 a سرویس‌ فروش ماشین‌های اداری شامل این موارد است: ● انواع پرینتر جوهرافشان، لیزری، حرارتی تک‌رنگ، رنگی، تک‌کاره و چندکاره (برندهای: Brother - Epson - Canon - HP - SAMSUNG - PANASONIC - SNB - MEVA - GODEX - REMO - BIXOLON و…) ● انواع دستگاه کپی سیاه و سفید و رنگی (برندهای: SHARP - TOSHIBA - BROTHER - EPSON - CANON و…) ● دستگاه فکس (برندهای PANASONIC - SHARP - BROTHER - CANON و…) ● فروش انواع اسکنر تخت و بایگانی (برندهای: HP - Fujitsu - BROTHER - CANON - KODAK و…) ● انواع کاغذ خردکن اداری و صنعتی (برندهای: Protech - King - Remo - Nikita - IMax و…) ● انواع بارکدخوان قلمی و لیزری (برندهای: Datalogic - NIKITA - AXIOM - OSCAR - REMO و…) ● انواع ویدئو پروژکتور (برندهای: Xiaomi - Epson - Optoma - Bresser - Panasonic - Sony - BenQ و…) در زمینهٔ سرویس و تعمیرات ماشین‌های اداری نیز خدمات ما به این شرح است: ● جنرال سرویس و تعمیر پرینتر (تعویض کارتریج، اصلاح عیوب چاپ و رنگ، رفع مشکلات درام کیت، تعمیر مین‌برد و…) ● سرویس و تعمیر دستگاه کپی (تنظیم رنگ، تعمیر پنل، تعمیر برد پاور و…) ● سرویس و تعمیر فکس (تعمیر و تعویض دکمه‌ها، گوشی، صفحهٔ نمایش، رفع خطاها، تعمیر یونیت اسکنر و…) ● سرویس و تعمیر اسکنر (تعمیر بخش تغذیه، عیب‌یابی پورت‌های اینترفیس، تعویض لامپ، اصلاح مشکلات موتور و…) ● تعمیر انواع کاغذخردکن (تعمیر و ساخت چرخ‌دنده‌، تعمیر و ساخت برد کنترل، سیم‌پیچی موتور و…) ● تعمیر و سرویس بارکدخوان (تعمیر و تعویض شاسی، تعویض سیم رابط، اصلاح تنظیمات نرم‌افزاری و…) ● تعمیر و سرویس ویدئو پروژکتور (تعمیر لیزر، اصلاح رنگ، تعمیر تراشهٔ DMD، رفع عیوب اپتیک، تعمیر کنترل و…) آدرس: تهران، عباس آباد، اندیشه، خیابان شهید خلیل حسینی، کوچه فرهاد، پلاک 1، طبقه 3، واحد 5 وب‌سایت:[<URL> ](<URL>)(جهت ثبت سفارش آنلاین) تلفن‌های تماس: <PHONE> و <PHONE> شمارهٔ همراه: <PHONE>,https://www.jooyeshgar.com/product/det-499142
بارکد خوان تک بعدی و دو بعدی,بارکد خوان تک بعدی و دو بعدی بارکد خوان شامل یک اسکنر، یک رمزگشا (چه داخلی یا خارجی) و یک کابل است که برای اتصال خواننده با کامپیوتر استفاده می‌شود. از آنجایی که یک بارکدخوان صرفاً بارکد را به اعداد و یا حروف می‌گیرد و ترجمه می‌‌کند، داده‌ها باید به رایانه ارسال شوند تا یک برنامه نرم‌افزاری بتواند داده‌ها را معنا کند. اسکنر‌‌های بارکد را می‌توان از طریق یک پورت سریال، پورت صفحه کلید یا یک وسیله واسط به نام گوه به کامپیوتر متصل کرد. بارکدخوان با هدایت یک پرتو نور در سراسر بارکد و اندازه گیری مقدار نوری که به عقب بازتاب می‌شود کار می‌کند. اسکنر انرژی نور را به انرژی الکتریکی تبدیل می‌کند و سپس توسط رمزگشا به داده تبدیل کرده و به رایانه ارسال می‌کند. انواع بارکد خوان از نظر تکنولوژی بارکدخوان قلمی بارکد خوان‌های قلمی از یک منبع نور و دیود جهت خواندن و اسکن بارکد‌ها تشکیل شده است که همگی آنها در نوک قلم طراحی شده است. نوک قلم بر روی پهنای بارکد‌ها حرکت می‌کند. بارکدخوان لیزری بارکد خوان‌های لیزری به روش بارکدخوان‌های قلمی عمل می‌کنند و برای اسکن، یک پرتو بسیار نازک نور بر روی بارکد منتشر می‌کند. به صورت رفت و برگشت و چرخشی به سرتاسر بارکد‌ها به جلو و عقب حرکت می‌کند. بارکدخوان CCD یا نوری بارکد خوان‌های CCD یا همان نوری از یک منبع نور بسیار کوچک مانند لیزر برای اسکن بارکد‌ها بهره می‌برند. به طور کلی این بارکدخوان فقط بارکد‌های تک بعدی (1D) را می‌تواند بخواند و قابلیت بارکد‌های دوبعدی و سه بعدی را ندارد و بارکد‌ها را نسبت به مدل لیزری از مسافت‌های کمتری می‌خواند.,https://www.jooyeshgar.com/product/det-475056
پرینترهای چاپ کارت PVC,پرینترهای چاپ کارت PVC مجموعه رایان سیستم در حدود 20 سال فعالیت خود را در زمینه فروش تجهیزات بانکی و فروشگاهی آغاز نموده و تمرکز اصلی مجموعه ارائه راهکارهایی با کمترین هزینه و بالاترین کیفیت می باشد، با توجه به این هدف سعی کرده ایم بهترین برندها را به مشتریان خود معرفی نموده تا بتوانند یک خرید مطمئن را با ما تجربه کنند.همچنین تمامی کالاهای موجود در سایت به صورت اصل و اورجینال به فروش میرسند. ضمنا تعمیرات کلیه پرینترهای چاپ کارت PVC و فیش پرینتر ، لیبل پرینتر ، بارکد خوان و صندوق فروشگاهی توسط تیم تخصصی پذیرفته و پس از اعلام ایرادات و نواقص و تایید مشتری تعمیر میگردد. فروش انواع پرینتر چاپ کارت و ریبون PVC و سیستم‌های فروشگاهی (پرینتر بارکد، پرینترصدور فیش ، دستگاه نوبت دهی ، بارکد خوان و صندوق فروشگاهی ),https://www.jooyeshgar.com/product/det-474715
ریبون رنگی پرینتر چاپ کارت PVC,ریبون رنگی پرینتر چاپ کارت PVC فروش انواع ریبون پرینترهای چاپ کارت PVC نیسکا، هایتی ، زبرا، فارگو، سیات ،اسمارت ، اولیس، گلادیو، XID ، اسکرین چک ، پوینت من، هودو ، اصلی رنگی مشکی هالف پنل دوپنل ریبون نواری پلاستیکی است که یک روی آن بسته به نوع کارت پرینتر و چاپ پنل رنگی و یا مشکی قرار میگیرد .ریبون رنگی ریبون YMCKO ، دارای چهار رنگ اصلی زرد، قرمز، آبی و مشکی است و یک لایه پوشاننده نیز برای محافظت از چاپ انجام شده روی کارت چاپ می شود. ریبون های کارت پرینتر دیگری با مشخصات KO وجود دارد که فقط با رنگ مشکی با لایه محافظ میباشد.,https://www.jooyeshgar.com/product/det-474718
پرینتر سه بعدی رزینی Phrozen Sonic Mighty 8K,"پرینتر سه بعدی رزینی Phrozen Sonic Mighty 8K با پرینتر سه بعدی رزینی مایتی 8K می توانید قطعات بزرگ سایز را با دقت 28 میکرون دقیق تر و واضح تر چاپ کنید. جذابیت پرینتر رزینی Sonic Mighty 8K در این مهم خلاصه می شود که هر سه عامل دقت, رزولوشن و ابعاد چاپ در کنار هم بهینه شده است و کیفیت چاپ فوق العاده را به کاربران می دهد. محدودیت های از قبیل چاپ جزئیات, سطح صیقلی بدون خش و سایز چاپ کوچک را از بین برده است. برند: Phrozen تکنولوژی چاپ: LCD/SLA ابعاد دستگاه: 337 × 337 × 516 میلی متر وزن دستگاه: 14.3 کیلوگرم ابعاد پرینت: 218 × 123 × 235 میلی متر دقت پرینت: 10 تا 300 میکرون سرعت چاپ: 70 میلی متر بر ساعت نرم افزار اسلایسر: CHITUBOX V2.0 فرمت فایل های ورودی: STL - G code - OBJ جنس بدنه: تمام فلز نمایشگر: 5 اینچ، لمسی نحوه انتقال فایل: USB، Ethernet، Wi-Fi کشور سازنده: تایوان",https://www.jooyeshgar.com/product/det-506960
پرینتر سه بعدی ELEGOO Saturn 4 Ultra,"پرینتر سه بعدی ELEGOO Saturn 4 Ultra ELEGOO Saturn 4 Ultra کمپانی الگو پس از موفقیت خارق العاده Elegoo Saturn 3 Ultra در پی کسب سهم بیشتری از بازار مدل ELEGOO Saturn 4 Ultra را معرفی و روانه بازار کرده است , این پرینتر 3 بعدی رزینی با رزولوشن 12K و سرعت پرینتر 150 میلی متر بر ساعت با توجه به امکانات بسیار زیادی که دارد و همچنین دقت و سرعت پرینت خارق العاده‌اش انتظار می‌رود تا سکوی نخست فروش را از آن خود کند. سایز نمایشگر10 : اینچ - 12k ارتباط USBUSB 3.0 متریال مصرفی :رزین حداکثر حجم پرینت : 218.88122.88220 میلی متر سرعت پرینت 150 میلی متر بر ساعت منبع نوری COB Light Source Fresnel Collimating Lens",https://www.jooyeshgar.com/product/det-506992
پرینتر سه بعدی creality مدل K1,پرینتر سه بعدی creality مدل K1 برند: Creality تکنولوژی چاپ: FDM ابعاد چاپ: 220 × 220 × 250 میلی‌متر ابعاد دستگاه: 355 × 355 × 480 میلی‌متر ابعاد بسته‌بندی: 415 × 415 × 550 میلی‌متر وزن دستگاه: 12.5 کیلوگرم وزن بسته بندی: 16 کیلوگرم سرعت چاپ: 600 میلی‌متر در ثانیه دقت چاپ: 100 میکرون ضخامت لایه چاپ: 0.1-0.35 میلی‌متر نوع اکسترودر: دایرکت مستقیم قطر فیلامنت: 1.75 میلی متر قطر نازل: 0.4 میلی‌متر (سازگار با 0.6 / 0.8 میلی‌متر) حداکثر دمای نازل: 300 درجه سانتی‌گراد حداکثر دمای صفحه ساخت: 100 درجه سانتی‌گراد کالیبراسیون: خودکار بدون نیاز به دست انتقال فایل: USB، WiFi صفحه نمایش: لمسی رنگی 4.3 اینچی سنسور قطع برق: دارد سنسور اتمام فیلامنت: دارد نوع مواد مصرفی: انواع فیلامنت های موجود در بازار نرم‌افزار اسلایسر: Creality Print، Cura، Simplify3D، PrusaSlicer فرمت‌های فایل ورودی: STL، OBJ,https://www.jooyeshgar.com/product/det-506993
دیتالاگر دمای اتاق سرور,دیتالاگر دمای اتاق سرور یک سیستم نمایشگر و دیتالاگر دمای اتاق سرور به سیستمی گفته میشود که در شرایط حضور یا عدم حضور مدیر ای تی بتواند مشکلاتی از قبیل افزایش دما افزایش رطوبت نشت آب قطع برق افزایش دود وجود آتش ورود غیر مجاز و .................................... باطلاع مدیر رسانده و از اتاق سرور حفاظت کند اما ساخت یک سیستم دیتالاگر دمای اتاق سرور باید شامل چه استانداردهایی باشد که بتواند این وظیفه را بدرستی انجام دهد تا انتخاب هوشمندانه ای داشته باشیم و یک سیستم قابل قبولی در اتاق سرور از سخت افزار هایمان و دیتای موجود حفاظت کنند. در ادامه راجع به این موضوع اطلاعات بیشتری در اختیارتان میگذاریم چرا هوشمند سازی اتاق سرور توسط هر شرکتی قابل انجام نیست ? هوشمند سازی اتاق سرور امری است کاملا الزامی برای اتاق های سرور سازمانها و ادارات و مراکز دولتی و خصوصی اما این موضوع که آیا میتوان با هر شرکتی در این خصوص کار کرد و یا هر شرکتی میتواند این خدمات را به مجموعه ما ارایه کند جای بسیار بحث دارد چرا که هوشمند سازی اتاق سرور امری است مربوط به ایمنی و اطمینان کردن به هر شرکتی با هر نوع تخصص و یا تجربه بسیار پر ریسک است بنابر این برای انجام هوشمند سازی اتاق سرور یا نصب سیستمهای مانیتورینگ اتاق سرور لازم است شرکت سازنده و یا پبمانکار یک سری شرایط را احراز و یک مجموعه ویژ گیهای فنی داشته باشد تا در آینده مجموعه های استفاده کننده از خدمات فوق متضرر نشوند و آسیب نبینند این شرایط و ویژگیها در ادامه مطلب آورده میشود 1)شرکت فروشنده سامانه مانیتورینگ اتاق سرور و یا پیمانکار هوشمند سازی باید اساس نامه مرتبط با کنترل و ابزار دقیق داشته باشد 2)شرکت فروشنده کنترل هوشمند اتاق سرور باید حداقل رزومه کارکرد بیش از 100 محل مربوط به سیستمهای هوشمند را در سابقه کارکرد خود داشته باشد 3)شرکت مجری هوشمند سازی اتاق سرور باید خودش راسا اقدام به نصب و را اندازی تجهیزات کند و آن را به شرکت دیگری واگذار ننماید 4)شرکت مجری هوشمند سازی و سازنده دیتالاگر دمای اتاق سرور باید خدمات بعد از فروش و گارانتی را خود به عهده بگیرد 5)شرکت سازنده سیستم مانیتورینگ دمای اتاق سرور بایستی تمامی تجهیزاتی را که در یک سیستم مانیتورینگ بکار میگیرد اعم از پردازنده ها –سنسورها – اینترفیس ها 6-شرکت سازنده سیستم مانیتورینگ اتاق سرور در سوابق قبلی خود نباید سابقه سوء از خود بجای گذاشته باشد همه موارد فوق با استفاده از صحبتهایی که شخص فروشنده مطرح میکند قابل استناد است اگر اینگونه نشود یایستی آنقدر جلسات فنی برگذار شود تا این موارد همه به جواب درستی برسند در غیر اینصورت باید منتظر پبامد انتخاب بد محصول گزینش شده یاشیم برای اطلاعات بیشنر میتوانید به لینک زیر سر بزنید رزومه و پروژه های اجرایی عکس پروژ ه ها برگرفته از وبسایت پیشران صنعت ویرا,https://www.jooyeshgar.com/product/det-467785
ثبت سایت ،پیج، کانال شبکه های اجتماعی,ثبت سایت ،پیج، کانال شبکه های اجتماعی ویژگی های طرح الماس : به مدت 30 روز در لیست طلایی های سایت قرار میگیرید. در تمامی صفحات سایت( تصویر جایگاه صفحه اصلی ) ، ( تصویر جایگاه تمامی صفحات ) به مدت 30 روز بنر تبلیغاتی اختصاصی در تمامی صفحات سایت( تصویر جایگاه صفحه اصلی ) ، ( تصویر جایگاه تمامی صفحات ) ایجاد متن اختصاصی ایجاد تصویر اختصاصی مشاوره رایگان برای بهینه سازی و ارائه نکاتی بابت بهینه سازی کانال،پیج و ... ویژگی های طلایی : به مدت 30 روز در لیست طلایی های سایت قرار میگیرید. در تمامی صفحات سایت( تصویر جایگاه صفحه اصلی ) ، ( تصویر جایگاه تمامی صفحات ) به مدت 30 روز بنر تبلیغاتی اختصاصی در تمامی صفحات سایت( تصویر جایگاه صفحه اصلی ) ، ( تصویر جایگاه تمامی صفحات ) ایجاد متن اختصاصی ایجاد تصویر اختصاصی ویژگی های طرح پلاتینیوم : به مدت 30 روز در لیست طلایی های سایت قرار میگیرید. در تمامی صفحات سایت( تصویر جایگاه صفحه اصلی ) ، ( تصویر جایگاه تمامی صفحات ) به مدت 30 روز بنر تبلیغاتی اختصاصی در تمامی صفحات سایت( تصویر جایگاه صفحه اصلی ) ، ( تصویر جایگاه تمامی صفحات ) ایجاد متن اختصاصی ایجاد تصویر اختصاصی مشاوره رایگان برای بهینه سازی و ارائه نکاتی بابت بهینه سازی کانال،پیج و ... ارتقا به پنل ادمین در پنل ممبر و فالوور نوتیفیکیشن تبلیغ وی آی پی (سوشال) هزار 1000 عضو واقعی برای کانال یا پیج شما,https://www.jooyeshgar.com/product/det-497659
Encrypting the traffic of the courtyard centers of the country (IPImen LANMan),"Encrypting the traffic of the courtyard centers of the country (IPImen LANMan) This product is responsible for traffic encryption at the level of networks and user security management at the level of LAN and WAN networks, which is presented under the name of IPImen LANMan and with the main approach of ""traffic encryption of the country's courtyard centers"". One of the most important capabilities This product is the possibility of separating the internet from the internal network without the need for additional products and making changes to the network. Descriptions and specifications related to this product have been discussed.",https://www.jooyeshgar.com/product/det-489123
فایروال ابری به عنوان سرویس (IPImen FW as a Service),فایروال ابری به عنوان سرویس (IPImen FW as a Service) این محصول در واقع یک فایروال نسل بعدی کامل است که امکان ارائه خدمات امن‌سازی به مشتریان و کاربران ابری نیز در آن تعبیه شده است و دیتاسنترها و شرکت‌های ارائه‌دهنده خدمات Colocation و یا VPS میتوانند با تعریف Profile در ازای هر مشتری، امکان امن‌سازی و پالیسی نویسی آسان را برای هر مشتری (Cloud User) فراهم نمایند. محصول IPImen FWaaS، به‌صورت From the ground up بر بستر سیستم‌عامل سفارشی‌سازی شده توسط این شرکت بانام ImenOS (مبتنی بر Unix توزیع FreeBSD) ارائه می‌گردد.باتوجه‌به طراحی در سطح Kernel، این محصول قادر است با پایداری بالا و سرعت بسیار بالاتری اقدام به فایروالینگ نماید و موفق به کسب تاییده افتا شده است. در لینک <URL> به توضیحات و مشخصات مرتبط با این محصول پرداخته شده است.,https://www.jooyeshgar.com/product/det-489122
سامانه بومی فایروال نسل بعدی آیپی ایمن (IPImen NGFirewall-UTM),سامانه بومی فایروال نسل بعدی آیپی ایمن (IPImen NGFirewall-UTM) فایروال نسل بعدی (IPImen Next Generation Firewall) تولید شده توسط شرکت تاکیان، به‌صورت From the ground up بر بستر سیستم‌عامل سفارشی‌سازی شده توسط این شرکت بانام ImenOS (مبتنی بر Unix توزیع FreeBSD) ارائه می‌گردد.باتوجه‌به طراحی در سطح Kernel، این محصول قادر است با پایداری بالا و سرعت بسیار بالاتری اقدام به فایروالینگ نماید و طی سال های متمادی و پی در پی موفق به کسب تاییده افتا شده است. این محصول بصورت سخت افزاری و مجازی قابل ارائه میباشد و در لینک <URL> به توضیحات و مشخصات مرتبط با این محصول پرداخته شده است.,https://www.jooyeshgar.com/product/det-39914
سامانه VPN بومی و دورکاری امن (IPImen VPN),سامانه VPN بومی و دورکاری امن (IPImen VPN) محصول IPImen VPN راهکاری بومی در زمینه ارائه خدمات ارتباطی امن و راه اندازی سرویس ها و راهکارهای دورکاری امن است. ما همواره در شرکت تاکیان به‌عنوان یک تولیدکننده بومی سعی داریم که پس از کشف و بررسی کامل نیازهای سازمانی، قابلیت‌های درخواستی را به بهترین وجه پیاده‌سازی نموده و در قالب محصولات امنیتی معتبر، قدمی در راستای ساده‌سازی و پیاده‌سازی راهکارهای موردنیاز سازمان‌ها برداشته باشیم؛ لذا علاوه بر ارائه قابلیت‌های VPN عمومی تری همچون IPSec، L2TP و...، قابلیت‌های تخصصی و انحصاری L7 SSL VPN و L3 Secure VPN به‌عنوان ماژول‌های مهم و بومی محصول IPImen VPN باهدف به‌کارگیری در سناریوهای دورکاری، طراحی و پیاده‌سازی شده است که در ذیل از توضیح در مورد راهکارهای عمومی اجتناب شده و توضیحات لازم در مورد این دو راهکار ارائه می‌گردد این محصول بصورت سخت افزاری و مجازی قابل ارائه میباشد و در لینک <URL> به توضیحات و مشخصات مرتبط با این محصول پرداخته شده است.,https://www.jooyeshgar.com/product/det-489121
طراحی تخصصی انواع وب سایت +کارت ویزیت رایگان,طراحی تخصصی انواع وب سایت +کارت ویزیت رایگان طراحی تخصصی انواع سایت های : فروشگاهی رزومه و شخصی بیمارستانی هتل ها مراکز خیریه شرکت های پخش باشگاهای ورزشی کلینیک ها و پزشک و اساتیددانشگاه ها سایت های برگزاری آزمون های آنلاین سایت مشاورین املاک سایت کاندیداهای انتخاباتی سایت دانلود و فیلم و بازی و موسیقی و سایر سایت های فروش فایل و کتاب سایت مربوط به آموزشگاه ها توجه توجه ***با سفارش سایت از ما کارت ویزیت به سلیقه خوتان هدیه بگیرید ***,https://www.jooyeshgar.com/product/det-467396
آموزش رباتیک و خلاقیت برای کودکان,آموزش رباتیک و خلاقیت برای کودکان رباتیک به عنوان یکی از مهم‌ترین مهارت‌های آینده، نه تنها می‌تواند سرگرمی فراوانی برای کودکان به ارمغان آورد، بلکه زمینه‌ساز پیشرفت‌های شغلی و علمی آنها نیز می‌شود. در این راستا، ما دوره‌های آموزشی ویژه‌ای را در زمینه رباتیک و خلاقیت برای کودکان برگزار می‌کنیم. این دوره‌ها به گونه‌ای طراحی شده‌اند که با استفاده از روش‌های نوین و جذاب، کودکان را به دنیای شگفت‌انگیز ربات‌ها و ساختمان‌های هوشمند وارد کنند. برای دانش‌آموزان، این فرصت مناسبی است تا هوش و خلاقیت خود را در یادگیری فناوری‌های نوین به چالش بکشند و مهارت‌های حل مسئله را تمرین کنند. شروع دوره‌های ما به آمدن هرکسی از سنین مختلف منتهی می‌شود و به سادگی می‌توانید با یک تماس ثبت‌نام کنید. فقط به یاد داشته باشید که ثبت‌نام محدود است و زمان زیادی برای اقدام ندارید. اگر به دنبال گسترش افق‌های خلاقیت و تکنولوژی در زندگی کودکان خود هستید، همین امروز با ما تماس بگیرید و از فرصت‌های بی‌نظیر آموزشی ما بهره‌مند شوید.,https://www.jooyeshgar.com/product/det-520781
آسیاتک قم / اینترنت آسیاتک قم,آسیاتک قم / اینترنت آسیاتک قم آسیاتک ارائه دهنده اینترنت پرسرعت در سراسر کشور رتبه برتر و اول کشوری مرکز رسمی فروش استانی و کشوری (در پایین آگهی) (در پایین آگهی),https://www.jooyeshgar.com/product/det-499012
چاپ سایه روشن,چاپ سایه روشن دفتر تبلیغاتی سایه روشن در قالب با تجربه ترین فعالان حوزه تبلیغاتی منطقه ورامین با قریب به 25 سال تجربه چاپ و تبلیغات و با سابقه همکاری مستمر با شرکت ها و موسسات دولتی و خصوصی، افتخار دارد تا به عنوان یکی از موسسات تبلیغاتی در زمینه های مختلف به ارائه خدمات، مشاوره و کارشناسی بپردازد. برخی از خدمات های ما: طراحی و چاپ کلیه ملزومات اداری و تجاری طراحی و چاپ انواع بسته بندی محصولات انواع تراکت رنگی و سیاه و سفید طراحی و اجرا انواع تابلو فروش انواع هدایای تبلیغاتی و سررسید فروش انواع هدایای تبلیغاتی و سررسید و ...,https://www.jooyeshgar.com/product/det-47914
فروش و تعمیرات ماشین های اداری,فروش و تعمیرات ماشین های اداری داتیس نمایندگی فروش، سرویس و تعمیر انواع ماشین‌های اداری نوین سیستم داتیس پاسارگاد در زمینهٔ فروش، خدمات پس از فروش و تعمیر تجهیزات اداری، آمادهٔ خدمات‌رسانی به افراد، کسب‌وکارها و مجموعه‌های مختلف است. سرویس‌ فروش ماشین‌های اداری شامل این موارد است: ● انواع پرینتر جوهرافشان، لیزری، حرارتی تک‌رنگ، رنگی، تک‌کاره و چندکاره (برندهای: Brother - Epson - Canon - HP - SAMSUNG - PANASONIC - SNB - MEVA - GODEX - REMO - BIXOLON و…) ● انواع دستگاه کپی سیاه و سفید و رنگی (برندهای: SHARP - TOSHIBA - BROTHER - EPSON - CANON و…) ● دستگاه فکس (برندهای PANASONIC - SHARP - BROTHER - CANON و…) ● فروش انواع اسکنر تخت و بایگانی (برندهای: HP - Fujitsu - BROTHER - CANON - KODAK و…) ● انواع کاغذ خردکن اداری و صنعتی (برندهای: Protech - King - Remo - Nikita - IMax و…) ● انواع بارکدخوان قلمی و لیزری (برندهای: Datalogic - NIKITA - AXIOM - OSCAR - REMO و…) ● انواع ویدئو پروژکتور (برندهای: Xiaomi - Epson - Optoma - Bresser - Panasonic - Sony - BenQ و…) در زمینهٔ سرویس و تعمیرات ماشین‌های اداری نیز خدمات ما به این شرح است: ● جنرال سرویس و تعمیر پرینتر (تعویض کارتریج، اصلاح عیوب چاپ و رنگ، رفع مشکلات درام کیت، تعمیر مین‌برد و…) ● سرویس و تعمیر دستگاه کپی (تنظیم رنگ، تعمیر پنل، تعمیر برد پاور و…) ● سرویس و تعمیر فکس (تعمیر و تعویض دکمه‌ها، گوشی، صفحهٔ نمایش، رفع خطاها، تعمیر یونیت اسکنر و…) ● سرویس و تعمیر اسکنر (تعمیر بخش تغذیه، عیب‌یابی پورت‌های اینترفیس، تعویض لامپ، اصلاح مشکلات موتور و…) ● تعمیر انواع کاغذخردکن (تعمیر و ساخت چرخ‌دنده‌، تعمیر و ساخت برد کنترل، سیم‌پیچی موتور و…) ● تعمیر و سرویس بارکدخوان (تعمیر و تعویض شاسی، تعویض سیم رابط، اصلاح تنظیمات نرم‌افزاری و…) ● تعمیر و سرویس ویدئو پروژکتور (تعمیر لیزر، اصلاح رنگ، تعمیر تراشهٔ DMD، رفع عیوب اپتیک، تعمیر کنترل و…) آدرس: تهران، عباس آباد، اندیشه، خیابان شهید خلیل حسینی، کوچه فرهاد، پلاک 1، طبقه 3، واحد 5 وب‌سایت:[<URL>](<URL>](<URL>)) (جهت ثبت سفارش آنلاین) تلفن‌های تماس: <PHONE> و <PHONE> شمارهٔ همراه: <PHONE>,https://www.jooyeshgar.com/product/det-497720
پروگرامر Micro Mkii - μMKII,"پروگرامر Micro Mkii - μMKII پروگرامر Micro Mkii پروگرام تمامی میکروهای AVR شامل Xmega, mega, AT90, tiny اتصال به رایانه از طریق درگاه USB - سازگار با کابل‌های اندرویدی تامین ولتاژ پروگرامینگ 5 ولت و 3.3 ولت تنظیم نرم‌افزاری سرعت پروگرام پروگرام تمامی فیوزبیتها و لاک‌بیتها برنامه‌ریزی حافظه‌های فلش و FLASH , EEPROM سازگار با تمامی سیستم‌عامل‌های ویندوز و لینوکس 32 و 64 بیتی انتخاب منبع تغذیه‌ی میکرو، از طریق کلید مربوطه دارای ISP Rescue Clock شناسایی در محیط‌های برنامه تویسی متداول: اتمل استودیو، کدویژن، بسکام. ATMEL Studio, AVR Studio, CodeVisionAVR, BASCOM-AVR, Arduino IDE محافظت در برابر اتصال کوتاه درگاه USB با قابلیت بروزرسانی همراه با کابل و نرم‌افزار خرید اینترنتی از فروشگاه بیسو: <URL> شماره تماس: (در پایین آگهی) کانال اطلاع‌رسانی در پیام‌رسان ایتا: @avr_mkii یا بر روی لینک زیر کلیک کنید: <URL>",https://www.jooyeshgar.com/product/det-463930
مرکز تایپ ، ترجمه ، ویرایش پایان نامه و پاورپوینت در سریعترین زمان,مرکز تایپ ، ترجمه ، ویرایش پایان نامه و پاورپوینت در سریعترین زمان مرکز تایپ شبانه روزی با سریعترین زمان تایپ به صورت ارسال عکس از طریق تلگرام تایپ کتاب های دانشگاهی و ریاضی و جزوات و ... تایپ فایل های صوتی تایپ فرمول اشکال فلوچارت و نمودار تایپ در محیط اکسل و پاورپوینت و ... ویرایش و صفحه بندی پایان نامه های شما همراه با پرینت و صحافی خدمات کپی و پرینت رنگی ارزان قابل توجه مدیران شرکتها و موسسات و دانشجویان گرامی هدف ما جلب رضایت شما عزیزان است . تلفن دفتر :(در پایین آگهی),https://www.jooyeshgar.com/product/det-22288
HP ML350 G8 G9 G10 کیس سرور بهترین قیمت,"HP ML350 G8 G9 G10 کیس سرور بهترین قیمت HP ML350 G8 G9 G10 کیس سرور تاور سرور رومیزی ML350 G8 , ML350 G9,G10 اچ پی مناسب ادارات فروشگاه ها Power Heatsink ——– HP ML350 Gen9 – 8SFF Smart Array P440 2GB Controller 96W Smart Storage Battery G9 Power Supply 500W G9 SSD 500GB EVO CPU + RAM + HDD ML350 G9 HP CPU 2650v4 ×2 RAM 128GB HARD 600GB 10k 6G ×4 ML350 G10 8SFF 2x 6130 8x 32GB 2666 6x 1.2TB 12G 2x 500w PS ———- مناسب برای کسب‌وکارهای بزرگ، زیرساخت‌های اینترپرایزی و اپلیکیشن‌های Mission Critical تخفیف همکاری - تعداد = تماس گارانتی + تعویض، مهلت تست7روزه تحویل فوری تهران با کانفیگ درخواستی شما (با ارائه پیش فاکتور رسمی و غیره رسمی) ارسال به تمام سرتاسر کشور با کمترین هزینه (اتوبوس - تیپاکس...) مشاوره نصب و راهندازی همراه با پشتیبانی در ادارات و فروشگاه ها ارزان تر از همه جا ""واردات مستقیم بدون واسطه کلیه لوازم و قطعات سرور"" (در پایین آگهی)داخلی 102 خانم یاری (در پایین آگهی)واتساپ (در پایین آگهی)مدیریت",https://www.jooyeshgar.com/product/det-497358
صندوق فروشگاهی,صندوق فروشگاهی فروش انواع صندوق های فروشگاهی دارای صفحه نمایش 15 اینچ دارای هارد پر سرعت ssd ضد ضربه - ضد آب - ضد گرد و غبار مخصوص فروشگاه های فست فود ، رستوران ، غذای بیرون بر، کافی شاپ ، لباس فروشی ها .سوپر مارکت ها . هایپرها . داروخانه ها و... Okpos – posbank – axiom – bayamax دیگر محصولات ما: فراخوان نوبت بی سیم مشتری،فراخوان گارسون،پرینترهای حرارتی . رول های حرارتی . نمایشگر اطلاعات(CALLER ID) . نگهدارنده فیش ، لیبل پرینتر ، بارکدخوان ، حضور و غیاب پرسنل ، و ... اصفهان خیابان شیخ بهایی کوچه 42 ساختمان520 واحد7 تلفن های تماس: (در پایین آگهی) (در پایین آگهی) (در پایین آگهی),https://www.jooyeshgar.com/product/det-33589
کاور ضد خش سی دی و دی وی دی,کاور ضد خش سی دی و دی وی دی کاور سی دی ضدخش که با عناوین کاور سی دی لفاف دار ، کاور سی دی رنگی ، کاور ضد خش سی دی ، کاور ضد خش دی وی دی ارایه می گرد بصورت دو طرف با لایه وسط پنبه ای مانند که در ادارجات و مراکز ارایه دهنده دیسک یا به عنوان یک حامل و نگهدارنده سی دی رایت شده و خام مورد استفاده قرار می گیرد که وجود این پنبه در وسط و در طرفین دیسک مانع وارد آمدن آسیب و یا در هنگام وارد و خارج کردن سی دی از داخل کاور می شود . کاور ضد خش سی دی که در بالای محصول بصورت پانچ شده در برند های مختلف در بغل یا بالای محصول ایجاد شده جهت جایگذاری در کشو های بایگانی برای این تعبیه گردیده است و قابل ذکر می باشد که کاور های ضد خش در نوع و درجه کیفی ضخیم و نازک در بازار ارایه می شود که این محصول ارایه شده در پارسا سی دی از نوع ضخیم می باشد .,https://www.jooyeshgar.com/product/det-473851
قاب سی دی ضخیم کف مشکی,قاب سی دی ضخیم کف مشکی استفاده از قاب پهن به خاطر قابلیت کاور گذاری در کفه زیرین این محصول که بصورت دو طرف امکان جایگذاری بوکلت یا کاور قاب را داشته مورد استفاده تولید کنندگان آثار موسیقی بصورت کلاسیک واقع شده است و از آنجایی که این محصول در سه مدل قاب سی دی پهن نیمه شفاف (JEWEL )،قاب سی دی پهن شفاف (Brothers) و قاب سی دی پهن کف مشکی (AKO Star) تولید می گردد هر نوع از قاب ها مورد پسند دسته هایی مختلفی از مشتریان واقع می گردد . قاب سی دی 7 میل با مشخصه کاور رویه قاب به ابعاد 12.2×12.2 که گاها بصورت یکرو و در بعضی موارد بصورت دولت بهمراه خط تا چاپ و جایگذاری می گردد و در کفه زیرین که به سمت بیرون کار نمایان می باشد با ابعاد گسترده 15.2 در 11.8 طراحی و چاپ می گردد که در دو طرف کار بر حسب اندازه عطف قاب که داخلی 7 میل می باشد با خط تا در عطف کار نمایان می شود انجام می گیرد . ابعاد و مشخصات کامل قاب سی دی پهن کف مشکی (AKO Star) در قسمت خصوصیات و یا مشخصات کالا جهت طراحی و چاپ کاور ارایه گردیده است که قابل ذکر می باشد امور طراحی و چاپ کاور بخشی از خدمات قابل ارایه در پارسا سی دی می باشد ( از طریق راه های ارتباطی ارایه شده با ما در تماس باشید ).,https://www.jooyeshgar.com/product/det-473850
Digital CD & DVD Label printing | Design,Digital CD & DVD Label printing | Design گروه طراحان چاپ نگار با سابقۀ تجربی بالا و بهره گیری از نیروی انسانی متخصص و کارشناس در صنعت چاپ توانسته با فعالیت های مرتبط فاصلۀ مشاوره ،طراحی تا چاپ را به حداقل رسانیده و بهترین کیفییت و هماهنگی قابل لمسی را به ارمغان آورد عمده فعالیتهای چاپنگار: امور چاپی دیجـــیتال ، افست ،لیــــــــــــزر تولید پکیج های نرم افــــزاری و آموزشی چاپ CD چاپ DVD با دستگاه کپــی ترکس چاپ انواع کارت ویزیت لمینت،سلفون،موضعی،.. مجری کلی امور چاپی و تبلیـــغاتی و..... تولید و فروش قاب DVD - قاب CD پرینتیبل,https://www.jooyeshgar.com/product/det-1083
فروش و تعمیر کامپیوترهای بدون کیس اپل ومینی کیس,فروش و تعمیر کامپیوترهای بدون کیس اپل ومینی کیس نقد و اقساط شرکت پرتو شبکه تابان مرکز فروش کامپیوترهای بدون کیس اپل و مینی کیس و لپتاپ از دبی قابل ارتقاسال از شهرهای اصفهان. تهران . شیراز ALL IN ONE Apple A1419 CPU:I5-7500 Ram:32GB DDR4 HDD:256 SSD Display:27 Inch IPS 5K VGA: 4G Radeon RX570 256 Bit Lan +AUX+Type C+SD+Wifi+USB3 قابلیت نصب ویندوز 7 و 10 و مک بیش از ده ها مشخصات جهت کاربری متفاوت موجود می باشد. ارسال به سراسر کشور تضمین اصالت و مهلت تست خرید به صورت حضوری و غیر حضوری راههای ارتباطی: (در پایین آگهی) (در پایین آگهی) (در پایین آگهی) (در پایین آگهی) آدرس: اصفهان مرداویج خیابان شیخ کلینی مجموعه پرواز لینک های ارتباطی شرکت جهت اطلاع رسانی <URL>,https://www.jooyeshgar.com/product/det-509020
صندوق فروشگاهی بارکدخوان سوپرمارکت رستوران,صندوق فروشگاهی بارکدخوان سوپرمارکت رستوران ✅صفر تا صد افتتاحیه فروشگاه خود را با تیم حرفه ایی نصب ، آموزش و پشتیبانی به ما بسپارید. با شرایط خرید نقد و اقساط بدون بهره مناسب تمام مشاغل شامل:هایپر مارکت،رستوران،پوشاک و.... ✅ما به عنوان یکی از فعالین فروشگاه های تجهیزات فروشگاهی شهر اصفهان با بیش از پنج سال تجربه،با پایبندی به سه اصل کلیدی،پرداخت در محل،7روز ضمانت تعویض کالا و تضمین اصل بودن کالا،موفق شده تا همگام با فروشگاه های دیگر به معتبرترین و خوش سابقه ترین فروشگاه،در زمینه تجهیزات و صندوق های فروشگاهی در اصفهان تبدیل شود. به محض ورود به فروشگاه با یک مجموعه پر از کالا در زمینه صنف کاریتان رو به رو میشوید. هر آنچه که مربوط به تجهیز کردن صنف کاری شما باشد و به ذهن شما خطور میکند در مجموعه ما پیدا خواهید کرد. حتی فراتر از تجهیزاتی که در شهر موجود نمیباشد و تازه وارد بازار شده باشد،به درخواست مشتری فراهم می نماییم، تا رضایت شما عزیزان را جلب نماییم. ✅ما اعتماد مشتری را سرلوحه ی کار خود قرار میدهیم و مفتخریم که همواره در خدمت شما باشیم. همه ساعته پاسخگوی تماس شما عزیزان هستیم ☎️,https://www.jooyeshgar.com/product/det-480302
